Query ID,Shard ID,Query Type,Data Size (MB),Execution Time (s),CPU Usage (%),Memory Usage (MB),I/O Operations,Timestamp
Q001,Shard_1,JOIN,506,2.12,87,799,149,2025-03-01 10:37:49
Q002,Shard_5,UPDATE,256,2.29,73,735,130,2025-03-01 10:44:48
Q003,Shard_2,UPDATE,163,1.31,84,687,53,2025-03-01 10:23:08
Q004,Shard_2,SELECT,104,1.8,72,555,87,2025-03-01 10:12:26
Q005,Shard_1,SELECT,264,1.93,67,546,53,2025-03-01 10:46:38
Q006,Shard_2,UPDATE,324,1.3,74,479,116,2025-03-01 10:13:49
Q007,Shard_2,JOIN,578,2.93,76,845,116,2025-03-01 10:12:14
Q008,Shard_2,UPDATE,154,1.81,71,479,113,2025-03-01 10:19:14
Q009,Shard_1,UPDATE,455,1.48,62,422,72,2025-03-01 10:24:56
Q010,Shard_4,JOIN,535,2.73,70,694,104,2025-03-01 10:57:04
Q011,Shard_4,SELECT,114,1.2,50,360,85,2025-03-01 10:06:49
Q012,Shard_2,UPDATE,269,2.49,75,721,63,2025-03-01 10:49:02
Q013,Shard_3,JOIN,351,2.83,91,863,149,2025-03-01 10:11:41
Q014,Shard_2,SELECT,208,0.67,66,470,80,2025-03-01 10:22:32
Q015,Shard_3,JOIN,442,2.54,88,755,164,2025-03-01 10:46:47
Q016,Shard_4,JOIN,530,2.53,95,780,112,2025-03-01 10:54:30
Q017,Shard_4,UPDATE,233,1.22,66,644,84,2025-03-01 10:43:45
Q018,Shard_4,UPDATE,298,2.38,64,437,64,2025-03-01 10:55:46
Q019,Shard_2,JOIN,522,2.28,87,909,122,2025-03-01 10:47:55
Q020,Shard_1,SELECT,203,1.49,70,390,47,2025-03-01 10:15:27
Q021,Shard_2,JOIN,569,2.21,89,955,103,2025-03-01 10:58:02
Q022,Shard_4,SELECT,129,1.64,56,381,62,2025-03-01 10:22:40
Q023,Shard_5,UPDATE,235,1.04,78,604,149,2025-03-01 10:28:05
Q024,Shard_5,SELECT,102,1.29,57,303,45,2025-03-01 10:16:15
Q025,Shard_3,SELECT,300,0.78,59,567,73,2025-03-01 10:48:21
Q026,Shard_1,UPDATE,448,1.55,84,429,136,2025-03-01 10:35:19
Q027,Shard_3,UPDATE,186,1.01,78,747,55,2025-03-01 10:35:37
Q028,Shard_4,SELECT,291,1.35,77,459,62,2025-03-01 10:25:12
Q029,Shard_1,SELECT,118,0.95,72,420,92,2025-03-01 10:49:53
Q030,Shard_5,JOIN,386,2.46,84,894,173,2025-03-01 10:07:40
Q031,Shard_3,SELECT,187,1.83,63,459,53,2025-03-01 10:48:05
Q032,Shard_4,JOIN,518,2.43,83,802,159,2025-03-01 10:09:37
Q033,Shard_5,JOIN,317,2.87,91,734,143,2025-03-01 10:33:49
Q034,Shard_1,UPDATE,499,1.3,61,408,69,2025-03-01 10:20:35
Q035,Shard_1,UPDATE,469,2.35,85,679,115,2025-03-01 10:33:21
Q036,Shard_1,UPDATE,450,2.42,78,463,113,2025-03-01 10:35:57
Q037,Shard_3,SELECT,103,1.51,69,533,59,2025-03-01 10:17:54
Q038,Shard_5,UPDATE,443,1.54,74,662,146,2025-03-01 10:47:01
Q039,Shard_5,UPDATE,268,1.59,69,565,86,2025-03-01 10:09:53
Q040,Shard_2,JOIN,382,2.33,78,604,144,2025-03-01 10:25:26
Q041,Shard_2,JOIN,432,2.67,89,755,114,2025-03-01 10:31:00
Q042,Shard_3,JOIN,493,2.98,94,767,150,2025-03-01 10:43:23
Q043,Shard_1,UPDATE,245,2.22,75,612,126,2025-03-01 10:42:05
Q044,Shard_5,JOIN,337,2.73,90,609,192,2025-03-01 10:47:40
Q045,Shard_2,UPDATE,329,2.37,70,565,138,2025-03-01 10:19:47
Q046,Shard_1,UPDATE,300,1.68,79,432,92,2025-03-01 10:39:15
Q047,Shard_5,UPDATE,328,1.77,71,423,148,2025-03-01 10:55:17
Q048,Shard_3,UPDATE,216,1.4,64,747,112,2025-03-01 10:27:10
Q049,Shard_1,UPDATE,354,2.17,61,524,135,2025-03-01 10:07:38
Q050,Shard_1,UPDATE,183,1.04,85,524,71,2025-03-01 10:29:57
Q051,Shard_1,UPDATE,275,1.7,81,457,114,2025-03-01 10:06:47
Q052,Shard_1,JOIN,397,2.63,73,673,164,2025-03-01 10:46:50
Q053,Shard_5,UPDATE,255,1.09,83,641,147,2025-03-01 10:32:00
Q054,Shard_1,JOIN,481,2.38,95,960,112,2025-03-01 10:05:36
Q055,Shard_3,JOIN,528,2.78,71,709,100,2025-03-01 10:42:56
Q056,Shard_4,SELECT,294,0.56,69,593,74,2025-03-01 10:29:33
Q057,Shard_3,JOIN,575,2.27,91,823,119,2025-03-01 10:06:03
Q058,Shard_4,JOIN,339,2.46,72,924,133,2025-03-01 10:27:52
Q059,Shard_3,SELECT,183,1.05,65,489,46,2025-03-01 10:10:10
Q060,Shard_3,UPDATE,464,2.08,67,502,122,2025-03-01 10:49:03
Q061,Shard_4,SELECT,112,0.58,76,567,71,2025-03-01 10:15:14
Q062,Shard_3,JOIN,511,2.2,89,905,166,2025-03-01 10:30:54
Q063,Shard_3,UPDATE,188,1.61,81,639,80,2025-03-01 10:14:09
Q064,Shard_1,SELECT,204,0.67,60,585,95,2025-03-01 10:30:55
Q065,Shard_4,SELECT,175,0.6,56,558,98,2025-03-01 10:36:50
Q066,Shard_4,JOIN,445,2.42,76,843,102,2025-03-01 10:17:42
Q067,Shard_2,UPDATE,475,1.18,69,487,58,2025-03-01 10:19:51
Q068,Shard_2,UPDATE,307,2.35,75,731,113,2025-03-01 10:47:21
Q069,Shard_1,SELECT,202,0.96,55,372,85,2025-03-01 10:24:10
Q070,Shard_4,SELECT,290,0.57,76,382,98,2025-03-01 10:56:03
Q071,Shard_4,SELECT,208,1.42,54,566,72,2025-03-01 10:10:39
Q072,Shard_5,JOIN,552,2.77,90,918,164,2025-03-01 10:37:23
Q073,Shard_5,UPDATE,173,1.32,83,479,84,2025-03-01 10:05:58
Q074,Shard_3,SELECT,211,0.72,59,474,99,2025-03-01 10:42:55
Q075,Shard_5,UPDATE,262,1.65,81,784,97,2025-03-01 10:31:47
Q076,Shard_5,SELECT,129,1.64,76,360,54,2025-03-01 10:25:03
Q077,Shard_3,UPDATE,442,2.12,66,675,102,2025-03-01 10:48:00
Q078,Shard_2,JOIN,564,2.93,86,918,146,2025-03-01 10:51:15
Q079,Shard_2,JOIN,445,2.95,74,943,159,2025-03-01 10:30:07
Q080,Shard_1,SELECT,111,1.53,63,459,52,2025-03-01 10:49:04
Q081,Shard_4,SELECT,151,1.08,76,362,79,2025-03-01 10:06:08
Q082,Shard_4,SELECT,100,1.19,70,375,43,2025-03-01 10:12:38
Q083,Shard_3,JOIN,310,2.37,77,712,144,2025-03-01 10:48:15
Q084,Shard_2,JOIN,440,2.45,75,745,161,2025-03-01 10:23:56
Q085,Shard_3,UPDATE,236,1.6,74,730,99,2025-03-01 10:22:59
Q086,Shard_4,JOIN,452,2.81,77,709,198,2025-03-01 10:47:32
Q087,Shard_1,SELECT,300,0.82,62,562,56,2025-03-01 10:42:35
Q088,Shard_2,UPDATE,278,2.35,79,401,57,2025-03-01 10:49:30
Q089,Shard_1,UPDATE,420,1.99,72,530,149,2025-03-01 10:57:53
Q090,Shard_4,SELECT,165,0.66,68,314,90,2025-03-01 10:31:39
Q091,Shard_4,SELECT,296,0.83,67,391,83,2025-03-01 10:55:18
Q092,Shard_4,UPDATE,341,1.02,79,488,127,2025-03-01 10:37:33
Q093,Shard_4,JOIN,351,2.95,94,656,148,2025-03-01 10:37:53
Q094,Shard_1,UPDATE,234,1.29,81,432,114,2025-03-01 10:56:22
Q095,Shard_3,JOIN,356,2.63,70,668,113,2025-03-01 10:53:33
Q096,Shard_5,JOIN,538,2.11,81,881,101,2025-03-01 10:40:49
Q097,Shard_4,UPDATE,338,1.92,78,676,57,2025-03-01 10:45:01
Q098,Shard_1,SELECT,217,1.43,51,319,94,2025-03-01 10:12:45
Q099,Shard_5,JOIN,395,2.87,89,810,172,2025-03-01 10:56:25
Q100,Shard_2,UPDATE,279,1.83,82,759,137,2025-03-01 10:39:53
Q101,Shard_1,JOIN,409,2.78,84,780,172,2025-03-01 10:48:36
Q102,Shard_4,JOIN,329,2.33,79,838,199,2025-03-01 10:26:25
Q103,Shard_1,SELECT,158,0.71,68,508,78,2025-03-01 10:21:06
Q104,Shard_1,SELECT,229,1.26,50,403,95,2025-03-01 10:39:40
Q105,Shard_1,SELECT,225,1.08,75,552,44,2025-03-01 10:43:28
Q106,Shard_5,JOIN,466,2.21,88,941,194,2025-03-01 10:15:57
Q107,Shard_3,JOIN,392,2.77,81,823,158,2025-03-01 10:54:51
Q108,Shard_4,UPDATE,468,1.49,69,414,55,2025-03-01 10:54:59
Q109,Shard_4,SELECT,177,1.88,51,588,80,2025-03-01 10:46:09
Q110,Shard_5,UPDATE,388,1.05,71,401,74,2025-03-01 10:50:47
Q111,Shard_3,UPDATE,331,1.89,60,484,107,2025-03-01 10:55:15
Q112,Shard_5,SELECT,113,0.78,59,401,97,2025-03-01 10:05:49
Q113,Shard_4,SELECT,231,1.8,55,560,50,2025-03-01 10:34:30
Q114,Shard_2,JOIN,414,2.33,73,990,173,2025-03-01 10:16:42
Q115,Shard_3,UPDATE,273,1.01,70,662,86,2025-03-01 10:36:21
Q116,Shard_5,SELECT,144,1.08,50,494,64,2025-03-01 10:36:22
Q117,Shard_2,UPDATE,153,1.79,69,749,102,2025-03-01 10:42:13
Q118,Shard_4,UPDATE,462,2.39,66,542,63,2025-03-01 10:12:23
Q119,Shard_4,JOIN,339,2.07,91,785,167,2025-03-01 10:22:44
Q120,Shard_4,JOIN,472,2.69,81,674,104,2025-03-01 10:53:53
Q121,Shard_4,SELECT,117,1.77,74,577,63,2025-03-01 10:21:21
Q122,Shard_2,UPDATE,300,1.88,77,468,117,2025-03-01 10:42:29
Q123,Shard_1,UPDATE,200,1.38,61,718,68,2025-03-01 10:54:19
Q124,Shard_4,SELECT,280,1.94,76,509,44,2025-03-01 10:11:41
Q125,Shard_2,UPDATE,280,1.74,72,620,135,2025-03-01 10:10:00
Q126,Shard_1,SELECT,270,1.72,58,483,71,2025-03-01 10:37:17
Q127,Shard_2,UPDATE,256,1.76,78,681,77,2025-03-01 10:34:57
Q128,Shard_3,SELECT,138,1.81,55,432,97,2025-03-01 10:20:46
Q129,Shard_3,JOIN,392,2.02,92,636,124,2025-03-01 10:55:59
Q130,Shard_4,JOIN,463,2.4,78,774,156,2025-03-01 10:42:17
Q131,Shard_3,SELECT,208,0.74,57,364,88,2025-03-01 10:43:43
Q132,Shard_2,UPDATE,170,1.06,82,722,68,2025-03-01 10:57:52
Q133,Shard_1,JOIN,432,2.35,74,613,126,2025-03-01 10:29:01
Q134,Shard_3,UPDATE,191,1.78,68,774,129,2025-03-01 10:13:43
Q135,Shard_1,JOIN,326,2.49,80,650,160,2025-03-01 10:48:30
Q136,Shard_3,UPDATE,489,2.4,82,603,72,2025-03-01 10:44:31
Q137,Shard_2,SELECT,193,0.63,69,411,51,2025-03-01 10:06:04
Q138,Shard_1,UPDATE,264,1.72,68,449,74,2025-03-01 10:34:26
Q139,Shard_1,JOIN,432,2.37,82,977,116,2025-03-01 10:14:02
Q140,Shard_2,UPDATE,315,2.22,71,521,109,2025-03-01 10:37:50
Q141,Shard_5,JOIN,493,2.84,70,903,103,2025-03-01 10:06:34
Q142,Shard_4,JOIN,407,2.54,83,694,157,2025-03-01 10:30:09
Q143,Shard_1,JOIN,371,2.59,72,661,200,2025-03-01 10:49:10
Q144,Shard_4,SELECT,192,1.09,68,470,92,2025-03-01 10:43:09
Q145,Shard_5,JOIN,387,2.63,79,784,142,2025-03-01 10:07:38
Q146,Shard_4,UPDATE,473,1.28,68,686,77,2025-03-01 10:47:54
Q147,Shard_2,UPDATE,223,2.28,60,506,109,2025-03-01 10:29:27
Q148,Shard_5,UPDATE,385,1.64,63,485,57,2025-03-01 10:11:05
Q149,Shard_3,UPDATE,185,1.79,77,656,99,2025-03-01 10:25:46
Q150,Shard_2,UPDATE,295,2.28,81,475,131,2025-03-01 10:57:37
Q151,Shard_3,SELECT,153,0.85,69,440,72,2025-03-01 10:33:28
Q152,Shard_2,SELECT,191,0.56,64,453,88,2025-03-01 10:22:52
Q153,Shard_4,JOIN,388,2.42,87,753,176,2025-03-01 10:20:08
Q154,Shard_5,UPDATE,442,1.26,80,542,144,2025-03-01 10:11:31
Q155,Shard_2,UPDATE,209,2.49,77,706,96,2025-03-01 10:55:21
Q156,Shard_3,UPDATE,460,2.4,84,656,139,2025-03-01 10:05:53
Q157,Shard_4,JOIN,484,2.99,74,880,116,2025-03-01 10:19:20
Q158,Shard_1,JOIN,541,2.35,85,972,151,2025-03-01 10:26:42
Q159,Shard_4,UPDATE,284,1.14,77,549,121,2025-03-01 10:53:57
Q160,Shard_4,JOIN,565,2.61,75,986,171,2025-03-01 10:23:19
Q161,Shard_1,UPDATE,198,1.82,81,647,93,2025-03-01 10:06:21
Q162,Shard_3,SELECT,225,0.84,59,528,77,2025-03-01 10:47:37
Q163,Shard_5,JOIN,571,2.38,88,779,113,2025-03-01 10:51:58
Q164,Shard_2,JOIN,335,2.7,86,850,112,2025-03-01 10:11:26
Q165,Shard_2,JOIN,387,2.02,92,867,118,2025-03-01 10:21:19
Q166,Shard_1,SELECT,170,1.1,65,506,100,2025-03-01 10:09:11
Q167,Shard_5,UPDATE,474,2.08,85,738,69,2025-03-01 10:16:04
Q168,Shard_1,UPDATE,437,1.92,75,647,85,2025-03-01 10:16:29
Q169,Shard_2,JOIN,340,2.93,70,612,179,2025-03-01 10:47:59
Q170,Shard_2,UPDATE,440,2.12,84,472,116,2025-03-01 10:35:34
Q171,Shard_4,JOIN,469,2.54,87,734,179,2025-03-01 10:41:04
Q172,Shard_1,JOIN,355,2.5,81,880,164,2025-03-01 10:43:44
Q173,Shard_3,JOIN,482,2.67,83,622,187,2025-03-01 10:21:58
Q174,Shard_4,SELECT,277,0.62,60,528,62,2025-03-01 10:09:04
Q175,Shard_2,JOIN,380,2.9,75,682,109,2025-03-01 10:47:57
Q176,Shard_3,SELECT,108,1.16,72,356,57,2025-03-01 10:53:23
Q177,Shard_4,UPDATE,444,1.68,77,613,53,2025-03-01 10:26:17
Q178,Shard_4,SELECT,141,0.75,72,310,85,2025-03-01 10:40:26
Q179,Shard_3,JOIN,439,2.6,78,981,164,2025-03-01 10:52:25
Q180,Shard_1,JOIN,413,2.48,85,982,169,2025-03-01 10:46:13
Q181,Shard_3,UPDATE,489,2.04,85,574,89,2025-03-01 10:06:52
Q182,Shard_4,SELECT,235,1.05,70,409,60,2025-03-01 10:51:17
Q183,Shard_5,UPDATE,386,1.78,70,762,106,2025-03-01 10:51:11
Q184,Shard_5,JOIN,419,2.14,81,991,194,2025-03-01 10:15:53
Q185,Shard_4,UPDATE,226,1.71,75,607,114,2025-03-01 10:18:02
Q186,Shard_3,UPDATE,181,1.7,70,689,147,2025-03-01 10:45:23
Q187,Shard_2,JOIN,412,2.62,89,787,132,2025-03-01 10:11:49
Q188,Shard_4,SELECT,244,1.24,79,528,77,2025-03-01 10:26:13
Q189,Shard_2,JOIN,447,2.09,86,726,144,2025-03-01 10:32:31
Q190,Shard_2,UPDATE,186,1.97,73,800,115,2025-03-01 10:23:44
Q191,Shard_3,UPDATE,389,1.6,67,732,97,2025-03-01 10:09:57
Q192,Shard_3,JOIN,444,2.65,93,908,167,2025-03-01 10:52:48
Q193,Shard_1,JOIN,591,2.49,86,803,109,2025-03-01 10:07:23
Q194,Shard_4,UPDATE,414,2.09,74,582,54,2025-03-01 10:12:43
Q195,Shard_1,SELECT,245,1.16,75,325,68,2025-03-01 10:58:21
Q196,Shard_3,SELECT,206,0.84,69,507,50,2025-03-01 10:11:08
Q197,Shard_3,SELECT,175,1.81,73,547,94,2025-03-01 10:27:45
Q198,Shard_2,SELECT,126,1.39,64,478,50,2025-03-01 10:33:48
Q199,Shard_3,JOIN,387,2.52,73,753,111,2025-03-01 10:19:08
Q200,Shard_1,JOIN,511,2.83,87,769,175,2025-03-01 10:35:58
Q201,Shard_1,JOIN,453,2.57,71,934,197,2025-03-01 10:26:48
Q202,Shard_2,JOIN,590,2.43,90,706,192,2025-03-01 10:43:27
Q203,Shard_5,JOIN,301,2.82,84,682,134,2025-03-01 10:52:37
Q204,Shard_3,UPDATE,276,1.09,65,627,66,2025-03-01 10:33:34
Q205,Shard_1,SELECT,279,1.6,62,474,69,2025-03-01 10:44:27
Q206,Shard_4,JOIN,426,2.3,79,940,188,2025-03-01 10:28:58
Q207,Shard_3,JOIN,399,2.81,82,844,144,2025-03-01 10:53:45
Q208,Shard_2,UPDATE,353,2.03,81,729,112,2025-03-01 10:16:57
Q209,Shard_5,UPDATE,495,1.21,81,504,56,2025-03-01 10:21:10
Q210,Shard_4,JOIN,497,2.01,74,613,196,2025-03-01 10:25:00
Q211,Shard_5,SELECT,148,1.16,77,531,71,2025-03-01 10:23:43
Q212,Shard_4,JOIN,452,2.47,88,962,134,2025-03-01 10:53:31
Q213,Shard_2,UPDATE,180,2.43,77,718,124,2025-03-01 10:38:44
Q214,Shard_1,JOIN,319,2.28,79,760,168,2025-03-01 10:42:43
Q215,Shard_2,SELECT,125,1.96,59,570,53,2025-03-01 10:16:41
Q216,Shard_1,JOIN,326,2.12,86,817,113,2025-03-01 10:08:12
Q217,Shard_4,SELECT,190,2.0,74,451,75,2025-03-01 10:38:13
Q218,Shard_5,UPDATE,398,2.18,65,653,138,2025-03-01 10:13:20
Q219,Shard_5,JOIN,535,2.33,89,603,130,2025-03-01 10:11:47
Q220,Shard_3,JOIN,451,2.53,81,802,176,2025-03-01 10:51:07
Q221,Shard_5,SELECT,252,1.48,60,360,49,2025-03-01 10:39:33
Q222,Shard_2,UPDATE,226,1.36,75,532,84,2025-03-01 10:09:13
Q223,Shard_3,JOIN,558,2.58,81,665,133,2025-03-01 10:12:21
Q224,Shard_5,UPDATE,211,2.09,72,540,63,2025-03-01 10:10:47
Q225,Shard_3,JOIN,347,2.72,85,683,185,2025-03-01 10:05:54
Q226,Shard_5,UPDATE,297,1.2,66,463,69,2025-03-01 10:51:51
Q227,Shard_2,JOIN,583,2.59,72,902,169,2025-03-01 10:26:59
Q228,Shard_3,UPDATE,422,2.13,82,584,89,2025-03-01 10:11:30
Q229,Shard_4,UPDATE,483,2.35,80,420,122,2025-03-01 10:24:29
Q230,Shard_4,UPDATE,333,2.41,66,455,111,2025-03-01 10:58:32
Q231,Shard_2,SELECT,229,1.54,54,382,49,2025-03-01 10:06:16
Q232,Shard_2,JOIN,459,2.63,70,728,133,2025-03-01 10:46:24
Q233,Shard_3,JOIN,385,2.08,87,757,190,2025-03-01 10:34:17
Q234,Shard_4,JOIN,422,2.06,77,712,140,2025-03-01 10:47:43
Q235,Shard_1,JOIN,504,2.93,80,766,173,2025-03-01 10:49:49
Q236,Shard_4,JOIN,457,2.04,79,691,118,2025-03-01 10:54:25
Q237,Shard_3,SELECT,186,1.08,52,401,69,2025-03-01 10:39:47
Q238,Shard_2,UPDATE,278,2.23,68,494,93,2025-03-01 10:22:20
Q239,Shard_4,UPDATE,455,1.94,85,637,60,2025-03-01 10:21:56
Q240,Shard_3,UPDATE,168,2.43,75,626,102,2025-03-01 10:29:27
Q241,Shard_2,JOIN,489,2.37,94,933,108,2025-03-01 10:22:53
Q242,Shard_3,UPDATE,326,1.99,75,417,115,2025-03-01 10:51:54
Q243,Shard_4,UPDATE,449,2.49,70,472,64,2025-03-01 10:26:20
Q244,Shard_3,JOIN,511,2.38,93,956,180,2025-03-01 10:17:22
Q245,Shard_2,UPDATE,314,1.49,61,508,124,2025-03-01 10:26:26
Q246,Shard_1,SELECT,293,0.57,62,341,95,2025-03-01 10:05:27
Q247,Shard_2,JOIN,394,2.48,93,607,191,2025-03-01 10:36:45
Q248,Shard_5,SELECT,286,0.92,56,404,82,2025-03-01 10:51:39
Q249,Shard_4,UPDATE,456,1.9,69,488,87,2025-03-01 10:36:25
Q250,Shard_3,UPDATE,378,2.23,71,639,70,2025-03-01 10:55:46
Q251,Shard_5,SELECT,251,1.28,64,528,61,2025-03-01 10:48:02
Q252,Shard_1,UPDATE,281,1.17,82,431,68,2025-03-01 10:51:29
Q253,Shard_5,UPDATE,155,1.88,75,650,104,2025-03-01 10:15:48
Q254,Shard_4,UPDATE,424,1.79,85,541,127,2025-03-01 10:22:43
Q255,Shard_1,SELECT,113,1.38,63,586,95,2025-03-01 10:44:16
Q256,Shard_3,SELECT,106,1.79,57,552,48,2025-03-01 10:51:52
Q257,Shard_5,JOIN,464,2.91,79,998,198,2025-03-01 10:56:39
Q258,Shard_4,JOIN,472,2.07,75,733,177,2025-03-01 10:12:59
Q259,Shard_1,UPDATE,264,1.46,67,788,53,2025-03-01 10:46:18
Q260,Shard_1,JOIN,503,2.81,78,703,134,2025-03-01 10:39:31
Q261,Shard_3,JOIN,420,2.24,76,640,155,2025-03-01 10:20:17
Q262,Shard_1,SELECT,215,0.76,68,399,48,2025-03-01 10:18:42
Q263,Shard_5,UPDATE,330,1.72,70,426,66,2025-03-01 10:48:32
Q264,Shard_5,SELECT,293,1.2,65,365,59,2025-03-01 10:53:50
Q265,Shard_4,SELECT,211,1.9,80,392,90,2025-03-01 10:08:19
Q266,Shard_5,JOIN,376,2.99,84,792,118,2025-03-01 10:56:32
Q267,Shard_5,SELECT,203,1.84,54,480,69,2025-03-01 10:57:42
Q268,Shard_1,JOIN,300,2.95,78,737,179,2025-03-01 10:20:01
Q269,Shard_4,SELECT,119,1.0,66,547,41,2025-03-01 10:32:45
Q270,Shard_5,SELECT,275,0.85,76,363,62,2025-03-01 10:11:09
Q271,Shard_2,SELECT,280,0.54,62,441,61,2025-03-01 10:44:49
Q272,Shard_3,JOIN,391,2.32,72,943,173,2025-03-01 10:57:14
Q273,Shard_3,SELECT,154,0.97,69,387,46,2025-03-01 10:43:53
Q274,Shard_1,UPDATE,181,1.17,69,626,108,2025-03-01 10:21:26
Q275,Shard_2,SELECT,214,1.43,63,425,87,2025-03-01 10:40:57
Q276,Shard_5,SELECT,237,0.81,80,487,88,2025-03-01 10:54:09
Q277,Shard_3,JOIN,471,2.99,90,667,194,2025-03-01 10:10:55
Q278,Shard_5,SELECT,232,0.53,74,309,58,2025-03-01 10:06:58
Q279,Shard_3,UPDATE,431,1.13,63,624,121,2025-03-01 10:40:45
Q280,Shard_4,SELECT,101,0.88,56,531,41,2025-03-01 10:42:52
Q281,Shard_1,SELECT,221,1.55,76,502,65,2025-03-01 10:14:33
Q282,Shard_5,JOIN,342,2.23,93,759,154,2025-03-01 10:45:57
Q283,Shard_4,JOIN,581,2.39,76,769,188,2025-03-01 10:11:13
Q284,Shard_4,SELECT,153,1.05,62,580,49,2025-03-01 10:07:52
Q285,Shard_1,SELECT,268,1.53,66,555,88,2025-03-01 10:45:43
Q286,Shard_5,SELECT,187,0.7,56,538,44,2025-03-01 10:06:07
Q287,Shard_5,JOIN,345,2.6,80,877,100,2025-03-01 10:28:32
Q288,Shard_3,SELECT,225,1.25,66,423,59,2025-03-01 10:55:15
Q289,Shard_1,SELECT,110,0.64,52,555,47,2025-03-01 10:50:28
Q290,Shard_2,JOIN,381,2.49,71,896,101,2025-03-01 10:27:13
Q291,Shard_5,UPDATE,260,1.21,70,654,146,2025-03-01 10:21:53
Q292,Shard_5,SELECT,185,0.92,55,545,43,2025-03-01 10:15:23
Q293,Shard_5,UPDATE,329,2.16,63,452,103,2025-03-01 10:29:13
Q294,Shard_1,UPDATE,350,2.0,63,442,57,2025-03-01 10:33:58
Q295,Shard_4,UPDATE,244,1.68,76,601,73,2025-03-01 10:05:09
Q296,Shard_5,JOIN,519,2.65,81,822,122,2025-03-01 10:51:11
Q297,Shard_4,JOIN,569,2.13,79,978,190,2025-03-01 10:36:09
Q298,Shard_2,UPDATE,383,1.55,84,653,132,2025-03-01 10:52:45
Q299,Shard_3,JOIN,592,2.4,80,637,132,2025-03-01 10:49:07
Q300,Shard_3,UPDATE,206,2.0,68,532,117,2025-03-01 10:06:06
Q301,Shard_2,UPDATE,480,2.21,66,629,107,2025-03-01 10:25:59
Q302,Shard_2,JOIN,429,2.3,88,631,184,2025-03-01 10:05:44
Q303,Shard_1,UPDATE,200,2.27,60,702,139,2025-03-01 10:47:32
Q304,Shard_3,UPDATE,448,1.87,73,463,138,2025-03-01 10:47:07
Q305,Shard_3,SELECT,217,1.07,73,382,62,2025-03-01 10:19:02
Q306,Shard_5,UPDATE,168,1.6,69,634,95,2025-03-01 10:53:02
Q307,Shard_4,SELECT,254,0.53,58,336,44,2025-03-01 10:19:59
Q308,Shard_4,JOIN,591,2.69,94,871,178,2025-03-01 10:25:41
Q309,Shard_2,SELECT,170,0.91,51,368,91,2025-03-01 10:13:48
Q310,Shard_2,JOIN,303,2.78,73,611,179,2025-03-01 10:49:13
Q311,Shard_4,SELECT,148,1.95,58,329,54,2025-03-01 10:37:03
Q312,Shard_5,UPDATE,344,1.41,67,437,69,2025-03-01 10:51:28
Q313,Shard_2,UPDATE,153,1.9,62,634,80,2025-03-01 10:59:44
Q314,Shard_4,UPDATE,198,1.39,77,503,119,2025-03-01 10:08:35
Q315,Shard_4,UPDATE,166,2.4,85,648,87,2025-03-01 10:19:53
Q316,Shard_1,SELECT,142,1.57,69,536,76,2025-03-01 10:06:39
Q317,Shard_1,UPDATE,446,1.81,70,470,140,2025-03-01 10:05:54
Q318,Shard_4,SELECT,234,1.28,65,372,70,2025-03-01 10:45:17
Q319,Shard_1,SELECT,170,0.72,64,322,81,2025-03-01 10:32:53
Q320,Shard_2,JOIN,368,3.0,82,654,183,2025-03-01 10:47:20
Q321,Shard_4,JOIN,528,2.85,77,922,126,2025-03-01 10:22:39
Q322,Shard_4,SELECT,207,1.88,65,351,65,2025-03-01 10:18:42
Q323,Shard_3,UPDATE,334,1.41,69,649,139,2025-03-01 10:49:20
Q324,Shard_2,UPDATE,351,1.16,77,619,71,2025-03-01 10:13:14
Q325,Shard_5,JOIN,575,2.06,94,891,178,2025-03-01 10:32:51
Q326,Shard_5,JOIN,329,2.4,89,817,168,2025-03-01 10:27:06
Q327,Shard_3,UPDATE,335,1.99,81,774,82,2025-03-01 10:58:34
Q328,Shard_4,SELECT,152,2.0,57,362,66,2025-03-01 10:09:41
Q329,Shard_2,UPDATE,251,2.09,65,737,131,2025-03-01 10:55:08
Q330,Shard_3,JOIN,364,2.64,92,756,133,2025-03-01 10:55:09
Q331,Shard_1,SELECT,113,1.43,61,585,66,2025-03-01 10:56:33
Q332,Shard_4,UPDATE,406,1.93,64,591,91,2025-03-01 10:18:01
Q333,Shard_4,SELECT,198,0.85,61,580,79,2025-03-01 10:47:16
Q334,Shard_2,UPDATE,244,1.51,60,586,125,2025-03-01 10:45:54
Q335,Shard_3,JOIN,318,2.2,89,933,186,2025-03-01 10:26:05
Q336,Shard_2,JOIN,526,2.3,83,702,153,2025-03-01 10:43:46
Q337,Shard_4,UPDATE,403,1.31,74,728,53,2025-03-01 10:20:06
Q338,Shard_1,SELECT,195,1.92,80,573,70,2025-03-01 10:45:17
Q339,Shard_4,UPDATE,417,1.49,62,727,97,2025-03-01 10:49:21
Q340,Shard_5,JOIN,486,2.05,84,971,155,2025-03-01 10:59:59
Q341,Shard_3,UPDATE,370,1.73,78,619,84,2025-03-01 10:26:00
Q342,Shard_5,JOIN,336,2.99,83,941,186,2025-03-01 10:53:31
Q343,Shard_1,UPDATE,206,1.62,62,671,67,2025-03-01 10:54:10
Q344,Shard_4,JOIN,566,2.03,73,786,133,2025-03-01 10:58:21
Q345,Shard_3,UPDATE,413,1.13,63,606,112,2025-03-01 10:31:46
Q346,Shard_4,SELECT,152,1.9,52,518,98,2025-03-01 10:50:47
Q347,Shard_3,SELECT,256,0.79,64,555,46,2025-03-01 10:15:03
Q348,Shard_2,UPDATE,397,2.38,70,631,50,2025-03-01 10:09:01
Q349,Shard_1,JOIN,568,2.77,75,800,117,2025-03-01 10:25:13
Q350,Shard_3,SELECT,208,1.06,74,322,78,2025-03-01 10:39:54
Q351,Shard_5,SELECT,125,0.87,57,594,100,2025-03-01 10:45:07
Q352,Shard_3,UPDATE,179,2.01,75,515,123,2025-03-01 10:34:49
Q353,Shard_3,JOIN,514,2.92,90,826,101,2025-03-01 10:20:19
Q354,Shard_3,JOIN,329,2.7,93,950,195,2025-03-01 10:12:11
Q355,Shard_4,JOIN,507,2.79,83,708,162,2025-03-01 10:48:05
Q356,Shard_1,SELECT,161,0.75,61,415,48,2025-03-01 10:56:37
Q357,Shard_2,SELECT,268,1.46,68,365,51,2025-03-01 10:06:09
Q358,Shard_1,SELECT,267,0.91,53,467,80,2025-03-01 10:07:11
Q359,Shard_1,UPDATE,169,2.18,77,620,96,2025-03-01 10:05:36
Q360,Shard_1,JOIN,575,2.28,70,859,100,2025-03-01 10:46:14
Q361,Shard_3,UPDATE,346,1.85,62,678,68,2025-03-01 10:05:58
Q362,Shard_1,UPDATE,399,2.29,72,654,73,2025-03-01 10:37:37
Q363,Shard_1,SELECT,246,1.69,58,542,45,2025-03-01 10:32:49
Q364,Shard_5,JOIN,348,2.21,92,950,124,2025-03-01 10:06:57
Q365,Shard_4,JOIN,575,2.55,87,603,100,2025-03-01 10:51:45
Q366,Shard_1,UPDATE,165,2.24,85,440,66,2025-03-01 10:39:22
Q367,Shard_5,UPDATE,298,2.23,80,673,143,2025-03-01 10:40:31
Q368,Shard_4,JOIN,417,2.7,83,991,175,2025-03-01 10:45:52
Q369,Shard_3,JOIN,569,2.78,72,808,123,2025-03-01 10:44:23
Q370,Shard_3,JOIN,410,2.39,92,698,163,2025-03-01 10:15:23
Q371,Shard_1,SELECT,253,0.87,78,430,68,2025-03-01 10:47:52
Q372,Shard_5,SELECT,245,1.61,80,338,41,2025-03-01 10:16:55
Q373,Shard_1,JOIN,337,2.78,78,875,177,2025-03-01 10:55:05
Q374,Shard_1,UPDATE,473,2.5,73,430,70,2025-03-01 10:36:16
Q375,Shard_4,JOIN,534,2.99,79,977,185,2025-03-01 10:16:54
Q376,Shard_5,UPDATE,168,2.09,66,687,88,2025-03-01 10:49:31
Q377,Shard_5,UPDATE,338,1.99,80,571,60,2025-03-01 10:20:34
Q378,Shard_4,UPDATE,372,1.18,78,641,98,2025-03-01 10:47:03
Q379,Shard_2,JOIN,533,2.25,74,754,109,2025-03-01 10:39:14
Q380,Shard_5,SELECT,188,1.63,73,554,69,2025-03-01 10:30:43
Q381,Shard_5,UPDATE,457,1.22,78,767,69,2025-03-01 10:17:19
Q382,Shard_4,JOIN,563,2.23,82,858,181,2025-03-01 10:46:25
Q383,Shard_5,SELECT,171,1.09,64,392,90,2025-03-01 10:18:00
Q384,Shard_2,UPDATE,373,1.98,78,466,60,2025-03-01 10:06:42
Q385,Shard_5,SELECT,268,1.97,58,344,73,2025-03-01 10:41:56
Q386,Shard_5,JOIN,518,2.41,71,803,162,2025-03-01 10:30:07
Q387,Shard_4,UPDATE,295,1.69,71,679,94,2025-03-01 10:21:43
Q388,Shard_5,JOIN,549,2.74,79,805,101,2025-03-01 10:36:55
Q389,Shard_3,SELECT,157,1.05,69,400,42,2025-03-01 10:09:48
Q390,Shard_2,JOIN,372,2.97,73,989,146,2025-03-01 10:45:01
Q391,Shard_3,UPDATE,432,2.07,70,592,120,2025-03-01 10:09:06
Q392,Shard_1,SELECT,199,1.94,73,445,85,2025-03-01 10:25:56
Q393,Shard_1,JOIN,530,2.39,90,656,194,2025-03-01 10:30:04
Q394,Shard_1,JOIN,334,2.71,71,713,133,2025-03-01 10:37:37
Q395,Shard_1,SELECT,277,1.85,78,599,99,2025-03-01 10:58:31
Q396,Shard_4,SELECT,222,1.04,74,423,63,2025-03-01 10:05:25
Q397,Shard_2,JOIN,562,2.88,75,665,181,2025-03-01 10:36:45
Q398,Shard_4,JOIN,388,2.3,89,617,170,2025-03-01 10:38:43
Q399,Shard_3,JOIN,442,2.32,71,628,184,2025-03-01 10:38:00
Q400,Shard_1,SELECT,246,1.75,67,555,45,2025-03-01 10:24:51
Q401,Shard_2,UPDATE,317,2.3,76,666,121,2025-03-01 10:34:51
Q402,Shard_3,UPDATE,328,1.65,77,407,79,2025-03-01 10:51:50
Q403,Shard_4,SELECT,176,0.97,73,505,63,2025-03-01 10:16:40
Q404,Shard_5,UPDATE,285,2.21,69,544,91,2025-03-01 10:38:42
Q405,Shard_2,JOIN,364,2.15,73,818,131,2025-03-01 10:22:32
Q406,Shard_2,UPDATE,307,1.95,60,413,60,2025-03-01 10:05:28
Q407,Shard_2,JOIN,542,2.73,92,758,133,2025-03-01 10:19:57
Q408,Shard_2,JOIN,516,2.78,72,763,196,2025-03-01 10:31:02
Q409,Shard_1,JOIN,593,2.25,88,889,154,2025-03-01 10:17:49
Q410,Shard_3,SELECT,208,1.67,73,469,99,2025-03-01 10:24:33
Q411,Shard_1,SELECT,219,0.86,53,522,79,2025-03-01 10:13:46
Q412,Shard_4,JOIN,345,2.59,90,914,162,2025-03-01 10:11:32
Q413,Shard_4,UPDATE,276,2.44,80,621,100,2025-03-01 10:33:12
Q414,Shard_4,JOIN,532,2.88,84,866,199,2025-03-01 10:41:32
Q415,Shard_3,UPDATE,285,1.99,69,562,110,2025-03-01 10:09:36
Q416,Shard_2,SELECT,164,1.87,80,478,93,2025-03-01 10:11:26
Q417,Shard_5,UPDATE,448,1.13,74,462,62,2025-03-01 10:46:32
Q418,Shard_5,SELECT,178,1.07,80,433,65,2025-03-01 10:06:54
Q419,Shard_1,UPDATE,154,1.75,70,491,109,2025-03-01 10:49:45
Q420,Shard_1,SELECT,160,1.48,77,496,78,2025-03-01 10:12:08
Q421,Shard_4,SELECT,292,0.54,69,532,94,2025-03-01 10:30:25
Q422,Shard_2,JOIN,501,2.97,88,926,189,2025-03-01 10:42:25
Q423,Shard_1,UPDATE,425,1.51,70,709,120,2025-03-01 10:29:34
Q424,Shard_1,UPDATE,280,1.94,66,441,120,2025-03-01 10:24:41
Q425,Shard_5,SELECT,139,1.09,59,371,85,2025-03-01 10:36:43
Q426,Shard_1,JOIN,559,2.22,70,886,179,2025-03-01 10:54:27
Q427,Shard_1,JOIN,481,2.27,76,714,132,2025-03-01 10:23:18
Q428,Shard_4,JOIN,527,2.7,70,601,160,2025-03-01 10:14:52
Q429,Shard_1,JOIN,306,2.58,88,839,147,2025-03-01 10:47:56
Q430,Shard_4,JOIN,576,2.96,94,945,121,2025-03-01 10:50:50
Q431,Shard_5,UPDATE,327,2.43,66,766,108,2025-03-01 10:09:40
Q432,Shard_1,UPDATE,368,1.88,76,790,94,2025-03-01 10:54:33
Q433,Shard_2,UPDATE,376,2.0,60,426,135,2025-03-01 10:33:55
Q434,Shard_2,UPDATE,369,1.41,62,496,58,2025-03-01 10:30:13
Q435,Shard_2,SELECT,151,1.73,66,553,100,2025-03-01 10:46:34
Q436,Shard_4,JOIN,502,2.59,79,909,195,2025-03-01 10:28:43
Q437,Shard_2,UPDATE,429,1.44,80,684,132,2025-03-01 10:46:12
Q438,Shard_3,JOIN,580,2.07,85,809,164,2025-03-01 10:46:05
Q439,Shard_2,JOIN,543,2.08,82,684,157,2025-03-01 10:11:40
Q440,Shard_5,UPDATE,260,1.19,64,680,123,2025-03-01 10:48:36
Q441,Shard_1,UPDATE,274,2.15,69,724,138,2025-03-01 10:40:46
Q442,Shard_5,UPDATE,451,1.47,82,685,99,2025-03-01 10:35:17
Q443,Shard_2,SELECT,270,0.75,65,438,46,2025-03-01 10:29:35
Q444,Shard_3,SELECT,232,1.58,64,349,52,2025-03-01 10:35:02
Q445,Shard_1,UPDATE,410,2.19,62,583,86,2025-03-01 10:59:40
Q446,Shard_1,UPDATE,270,2.31,66,657,77,2025-03-01 10:57:27
Q447,Shard_1,UPDATE,440,2.42,76,751,112,2025-03-01 10:25:37
Q448,Shard_2,SELECT,173,1.19,61,519,48,2025-03-01 10:14:51
Q449,Shard_2,JOIN,598,3.0,77,907,180,2025-03-01 10:28:54
Q450,Shard_5,SELECT,164,1.91,60,306,99,2025-03-01 10:07:59
Q451,Shard_5,SELECT,183,0.61,76,598,42,2025-03-01 10:18:30
Q452,Shard_3,UPDATE,213,1.35,83,667,97,2025-03-01 10:55:32
Q453,Shard_3,SELECT,265,1.92,64,350,43,2025-03-01 10:50:05
Q454,Shard_5,UPDATE,473,2.42,66,462,123,2025-03-01 10:42:18
Q455,Shard_1,UPDATE,467,1.61,61,800,126,2025-03-01 10:56:18
Q456,Shard_1,UPDATE,488,1.5,74,742,76,2025-03-01 10:44:29
Q457,Shard_5,SELECT,134,1.07,60,397,77,2025-03-01 10:43:50
Q458,Shard_4,UPDATE,362,1.66,60,461,136,2025-03-01 10:52:59
Q459,Shard_4,JOIN,544,2.61,89,831,193,2025-03-01 10:34:09
Q460,Shard_4,UPDATE,358,2.31,78,686,130,2025-03-01 10:15:34
Q461,Shard_1,SELECT,142,0.82,68,522,43,2025-03-01 10:58:14
Q462,Shard_3,JOIN,343,2.35,81,994,184,2025-03-01 10:46:49
Q463,Shard_5,JOIN,448,2.96,75,866,124,2025-03-01 10:57:41
Q464,Shard_4,SELECT,203,1.55,52,579,60,2025-03-01 10:06:39
Q465,Shard_3,UPDATE,224,1.54,60,477,78,2025-03-01 10:34:50
Q466,Shard_3,JOIN,319,2.1,82,914,150,2025-03-01 10:08:10
Q467,Shard_3,UPDATE,449,2.33,71,540,54,2025-03-01 10:54:11
Q468,Shard_5,SELECT,265,1.04,75,571,90,2025-03-01 10:16:32
Q469,Shard_5,JOIN,304,2.06,90,983,102,2025-03-01 10:56:02
Q470,Shard_1,SELECT,220,1.53,77,513,66,2025-03-01 10:59:08
Q471,Shard_5,UPDATE,283,1.06,85,572,85,2025-03-01 10:14:44
Q472,Shard_3,JOIN,390,2.93,92,858,138,2025-03-01 10:59:05
Q473,Shard_5,UPDATE,367,1.36,73,687,130,2025-03-01 10:43:03
Q474,Shard_3,UPDATE,245,1.51,80,561,125,2025-03-01 10:05:56
Q475,Shard_3,SELECT,154,0.76,52,323,69,2025-03-01 10:57:08
Q476,Shard_3,JOIN,421,2.77,88,955,168,2025-03-01 10:28:25
Q477,Shard_5,JOIN,408,2.2,74,795,122,2025-03-01 10:31:11
Q478,Shard_2,UPDATE,378,1.47,85,424,80,2025-03-01 10:10:32
Q479,Shard_4,UPDATE,288,2.43,83,785,110,2025-03-01 10:10:34
Q480,Shard_3,SELECT,139,1.7,60,388,61,2025-03-01 10:22:06
Q481,Shard_5,UPDATE,492,2.27,72,549,87,2025-03-01 10:11:39
Q482,Shard_4,JOIN,344,2.65,95,886,109,2025-03-01 10:53:00
Q483,Shard_2,UPDATE,327,1.67,78,715,50,2025-03-01 10:29:27
Q484,Shard_1,SELECT,189,0.6,59,336,76,2025-03-01 10:59:25
Q485,Shard_1,UPDATE,417,1.37,85,511,119,2025-03-01 10:39:12
Q486,Shard_4,SELECT,162,1.27,72,389,100,2025-03-01 10:08:05
Q487,Shard_4,UPDATE,247,1.7,65,596,109,2025-03-01 10:32:00
Q488,Shard_4,UPDATE,294,1.74,81,631,113,2025-03-01 10:21:10
Q489,Shard_5,SELECT,183,1.43,65,316,44,2025-03-01 10:24:52
Q490,Shard_1,SELECT,195,1.59,53,490,94,2025-03-01 10:58:46
Q491,Shard_2,UPDATE,228,1.55,74,514,61,2025-03-01 10:13:46
Q492,Shard_5,JOIN,476,2.87,94,828,145,2025-03-01 10:36:08
Q493,Shard_1,UPDATE,278,2.44,62,733,79,2025-03-01 10:31:41
Q494,Shard_2,JOIN,506,2.95,93,997,131,2025-03-01 10:05:20
Q495,Shard_3,JOIN,500,2.46,73,657,187,2025-03-01 10:18:41
Q496,Shard_5,JOIN,485,2.49,76,986,181,2025-03-01 10:45:25
Q497,Shard_2,SELECT,104,1.05,73,403,52,2025-03-01 10:44:10
Q498,Shard_3,SELECT,300,1.28,80,457,96,2025-03-01 10:32:07
Q499,Shard_4,SELECT,193,1.77,55,452,59,2025-03-01 10:59:01
Q500,Shard_4,UPDATE,181,2.4,60,685,65,2025-03-01 10:20:57
Q501,Shard_5,SELECT,299,1.11,54,329,67,2025-03-01 10:38:01
Q502,Shard_5,JOIN,489,2.44,71,822,181,2025-03-01 10:54:51
Q503,Shard_5,JOIN,455,2.77,85,876,136,2025-03-01 10:31:31
Q504,Shard_5,JOIN,534,2.27,74,902,175,2025-03-01 10:51:36
Q505,Shard_4,UPDATE,305,1.41,85,708,58,2025-03-01 10:48:45
Q506,Shard_4,SELECT,221,1.33,67,488,77,2025-03-01 10:41:46
Q507,Shard_1,UPDATE,228,1.42,71,437,54,2025-03-01 10:48:40
Q508,Shard_2,UPDATE,346,1.19,81,794,134,2025-03-01 10:39:43
Q509,Shard_5,UPDATE,294,1.85,77,556,128,2025-03-01 10:58:06
Q510,Shard_1,JOIN,419,2.65,93,744,103,2025-03-01 10:29:36
Q511,Shard_3,SELECT,207,0.74,50,547,64,2025-03-01 10:56:27
Q512,Shard_3,UPDATE,367,2.46,84,407,134,2025-03-01 10:59:01
Q513,Shard_3,UPDATE,281,1.74,65,720,124,2025-03-01 10:26:26
Q514,Shard_4,UPDATE,319,1.08,73,621,115,2025-03-01 10:07:47
Q515,Shard_4,SELECT,162,1.99,52,383,71,2025-03-01 10:49:52
Q516,Shard_2,SELECT,113,0.56,76,423,56,2025-03-01 10:17:40
Q517,Shard_2,JOIN,387,2.79,81,715,137,2025-03-01 10:23:28
Q518,Shard_4,SELECT,252,1.27,59,364,93,2025-03-01 10:06:36
Q519,Shard_5,JOIN,365,2.22,80,854,129,2025-03-01 10:27:42
Q520,Shard_5,UPDATE,164,1.0,60,746,106,2025-03-01 10:07:52
Q521,Shard_4,JOIN,531,2.39,74,945,138,2025-03-01 10:58:51
Q522,Shard_5,SELECT,259,0.51,59,437,62,2025-03-01 10:42:07
Q523,Shard_2,SELECT,232,1.81,80,345,98,2025-03-01 10:10:02
Q524,Shard_5,JOIN,359,2.72,90,638,161,2025-03-01 10:23:29
Q525,Shard_2,UPDATE,453,1.07,74,442,58,2025-03-01 10:59:54
Q526,Shard_3,SELECT,126,0.54,79,524,92,2025-03-01 10:18:45
Q527,Shard_1,JOIN,435,2.45,81,618,158,2025-03-01 10:37:16
Q528,Shard_4,SELECT,130,0.65,57,394,71,2025-03-01 10:53:53
Q529,Shard_5,SELECT,255,1.0,74,558,50,2025-03-01 10:18:23
Q530,Shard_4,UPDATE,211,1.33,79,740,103,2025-03-01 10:58:44
Q531,Shard_4,SELECT,109,1.44,50,530,71,2025-03-01 10:26:25
Q532,Shard_5,SELECT,190,0.97,66,496,66,2025-03-01 10:44:13
Q533,Shard_3,UPDATE,493,2.5,64,478,104,2025-03-01 10:05:49
Q534,Shard_2,SELECT,135,1.74,70,525,54,2025-03-01 10:17:19
Q535,Shard_2,SELECT,281,0.95,65,416,76,2025-03-01 10:27:05
Q536,Shard_5,UPDATE,234,1.04,60,722,138,2025-03-01 10:50:39
Q537,Shard_3,JOIN,367,2.63,79,925,131,2025-03-01 10:13:59
Q538,Shard_1,SELECT,297,0.61,73,407,94,2025-03-01 10:25:46
Q539,Shard_3,UPDATE,218,2.19,68,490,91,2025-03-01 10:25:48
Q540,Shard_1,JOIN,522,2.31,85,988,198,2025-03-01 10:05:35
Q541,Shard_2,UPDATE,447,1.82,67,633,118,2025-03-01 10:10:04
Q542,Shard_5,SELECT,228,0.6,50,387,68,2025-03-01 10:15:38
Q543,Shard_2,JOIN,452,2.7,88,914,137,2025-03-01 10:24:15
Q544,Shard_4,JOIN,343,2.81,93,886,195,2025-03-01 10:33:39
Q545,Shard_1,SELECT,201,1.37,70,588,40,2025-03-01 10:28:02
Q546,Shard_1,JOIN,575,2.97,80,663,100,2025-03-01 10:46:46
Q547,Shard_4,SELECT,166,1.87,79,522,80,2025-03-01 10:39:05
Q548,Shard_4,JOIN,479,2.51,78,899,100,2025-03-01 10:27:27
Q549,Shard_4,SELECT,152,0.95,60,339,80,2025-03-01 10:56:00
Q550,Shard_3,UPDATE,360,1.52,80,505,137,2025-03-01 10:59:40
Q551,Shard_5,UPDATE,255,1.72,68,479,63,2025-03-01 10:59:54
Q552,Shard_2,JOIN,563,2.39,83,632,143,2025-03-01 10:54:29
Q553,Shard_1,UPDATE,204,2.43,69,726,73,2025-03-01 10:49:03
Q554,Shard_2,SELECT,286,1.62,73,345,72,2025-03-01 10:05:35
Q555,Shard_4,JOIN,587,2.67,84,742,139,2025-03-01 10:34:57
Q556,Shard_2,UPDATE,439,1.49,79,522,101,2025-03-01 10:11:04
Q557,Shard_3,JOIN,461,2.86,83,701,159,2025-03-01 10:58:44
Q558,Shard_5,SELECT,288,0.55,53,554,89,2025-03-01 10:41:07
Q559,Shard_4,UPDATE,251,1.27,61,409,93,2025-03-01 10:41:28
Q560,Shard_1,SELECT,175,0.67,65,541,80,2025-03-01 10:55:18
Q561,Shard_4,JOIN,529,2.47,88,651,149,2025-03-01 10:42:33
Q562,Shard_1,JOIN,548,2.3,70,633,112,2025-03-01 10:51:14
Q563,Shard_4,UPDATE,300,1.71,63,593,139,2025-03-01 10:35:07
Q564,Shard_4,JOIN,393,2.05,86,740,178,2025-03-01 10:15:23
Q565,Shard_4,UPDATE,437,1.35,85,545,114,2025-03-01 10:48:04
Q566,Shard_5,JOIN,484,2.09,85,707,144,2025-03-01 10:50:04
Q567,Shard_5,JOIN,321,2.69,82,840,162,2025-03-01 10:46:45
Q568,Shard_4,SELECT,123,0.9,61,481,71,2025-03-01 10:43:46
Q569,Shard_2,SELECT,285,1.09,50,348,66,2025-03-01 10:51:30
Q570,Shard_2,SELECT,145,1.46,73,462,77,2025-03-01 10:38:07
Q571,Shard_2,JOIN,494,2.65,80,950,157,2025-03-01 10:16:14
Q572,Shard_1,SELECT,132,0.7,80,457,64,2025-03-01 10:41:07
Q573,Shard_4,JOIN,507,2.58,70,654,180,2025-03-01 10:44:43
Q574,Shard_4,SELECT,258,1.58,50,531,86,2025-03-01 10:50:51
Q575,Shard_3,UPDATE,477,1.42,67,688,84,2025-03-01 10:22:39
Q576,Shard_5,SELECT,259,0.69,67,365,46,2025-03-01 10:30:23
Q577,Shard_3,UPDATE,478,1.28,64,645,76,2025-03-01 10:41:01
Q578,Shard_1,UPDATE,300,2.06,78,649,103,2025-03-01 10:24:57
Q579,Shard_3,SELECT,250,1.93,65,365,89,2025-03-01 10:34:02
Q580,Shard_4,JOIN,420,2.92,95,636,193,2025-03-01 10:59:59
Q581,Shard_4,SELECT,129,0.64,62,317,63,2025-03-01 10:42:53
Q582,Shard_1,SELECT,176,0.85,78,532,98,2025-03-01 10:29:20
Q583,Shard_4,UPDATE,484,1.58,78,609,86,2025-03-01 10:39:42
Q584,Shard_1,UPDATE,273,1.78,63,508,54,2025-03-01 10:50:11
Q585,Shard_1,SELECT,282,1.01,68,461,85,2025-03-01 10:21:28
Q586,Shard_5,JOIN,577,2.74,85,804,123,2025-03-01 10:21:29
Q587,Shard_4,UPDATE,190,1.14,62,443,71,2025-03-01 10:56:54
Q588,Shard_2,UPDATE,480,2.06,73,551,141,2025-03-01 10:41:38
Q589,Shard_2,JOIN,452,2.51,88,735,126,2025-03-01 10:41:13
Q590,Shard_1,UPDATE,194,2.02,84,720,125,2025-03-01 10:29:05
Q591,Shard_4,JOIN,452,2.99,73,835,108,2025-03-01 10:35:34
Q592,Shard_2,SELECT,100,0.91,78,522,88,2025-03-01 10:40:21
Q593,Shard_3,SELECT,287,0.6,79,495,46,2025-03-01 10:50:05
Q594,Shard_5,UPDATE,279,1.99,72,752,126,2025-03-01 10:10:25
Q595,Shard_2,SELECT,200,1.8,74,486,49,2025-03-01 10:36:49
Q596,Shard_3,JOIN,479,2.88,78,962,119,2025-03-01 10:26:11
Q597,Shard_4,SELECT,212,1.54,56,435,75,2025-03-01 10:09:58
Q598,Shard_5,JOIN,410,2.01,84,814,100,2025-03-01 10:32:21
Q599,Shard_1,UPDATE,337,1.18,73,715,87,2025-03-01 10:28:47
Q600,Shard_4,UPDATE,411,2.01,81,668,78,2025-03-01 10:17:13
Q601,Shard_1,JOIN,416,2.52,77,835,149,2025-03-01 10:47:41
Q602,Shard_2,SELECT,248,1.33,63,400,42,2025-03-01 10:39:35
Q603,Shard_5,SELECT,252,1.21,65,464,77,2025-03-01 10:08:00
Q604,Shard_3,JOIN,595,2.24,73,793,155,2025-03-01 10:24:30
Q605,Shard_3,UPDATE,414,2.21,69,766,116,2025-03-01 10:12:29
Q606,Shard_4,JOIN,305,2.74,77,911,182,2025-03-01 10:59:17
Q607,Shard_4,JOIN,512,2.49,93,738,107,2025-03-01 10:27:29
Q608,Shard_4,UPDATE,249,1.63,64,474,87,2025-03-01 10:46:34
Q609,Shard_5,JOIN,483,2.32,92,722,192,2025-03-01 10:33:02
Q610,Shard_1,JOIN,341,2.27,83,914,197,2025-03-01 10:23:38
Q611,Shard_1,UPDATE,276,1.32,75,426,141,2025-03-01 10:27:01
Q612,Shard_5,SELECT,240,1.5,66,371,48,2025-03-01 10:44:49
Q613,Shard_1,SELECT,155,1.15,70,597,57,2025-03-01 10:05:08
Q614,Shard_3,SELECT,200,0.88,55,503,73,2025-03-01 10:53:34
Q615,Shard_5,UPDATE,222,1.33,77,688,82,2025-03-01 10:45:55
Q616,Shard_2,UPDATE,454,2.31,75,747,99,2025-03-01 10:51:33
Q617,Shard_4,JOIN,326,2.36,81,799,116,2025-03-01 10:47:04
Q618,Shard_4,UPDATE,352,1.3,68,539,142,2025-03-01 10:38:07
Q619,Shard_4,SELECT,249,1.25,68,575,63,2025-03-01 10:16:28
Q620,Shard_5,SELECT,153,1.39,66,440,98,2025-03-01 10:13:43
Q621,Shard_5,UPDATE,194,1.77,74,443,67,2025-03-01 10:32:29
Q622,Shard_2,JOIN,512,2.14,77,886,199,2025-03-01 10:27:18
Q623,Shard_2,JOIN,321,2.57,74,720,182,2025-03-01 10:28:25
Q624,Shard_5,UPDATE,469,1.03,85,402,67,2025-03-01 10:50:45
Q625,Shard_1,UPDATE,159,1.04,85,654,95,2025-03-01 10:47:02
Q626,Shard_4,UPDATE,427,2.44,60,640,115,2025-03-01 10:30:30
Q627,Shard_5,SELECT,218,0.83,55,358,56,2025-03-01 10:14:47
Q628,Shard_4,UPDATE,205,1.51,61,415,116,2025-03-01 10:30:47
Q629,Shard_4,SELECT,173,0.91,63,409,92,2025-03-01 10:39:21
Q630,Shard_5,UPDATE,283,1.84,74,485,50,2025-03-01 10:43:30
Q631,Shard_1,JOIN,489,2.54,74,901,112,2025-03-01 10:39:46
Q632,Shard_1,UPDATE,240,1.09,69,658,81,2025-03-01 10:48:28
Q633,Shard_4,SELECT,204,0.57,62,356,40,2025-03-01 10:51:00
Q634,Shard_4,SELECT,104,0.89,79,410,64,2025-03-01 10:29:31
Q635,Shard_3,JOIN,344,2.54,81,915,170,2025-03-01 10:11:00
Q636,Shard_2,JOIN,593,2.26,85,811,129,2025-03-01 10:37:20
Q637,Shard_2,JOIN,314,2.23,91,685,125,2025-03-01 10:21:44
Q638,Shard_3,SELECT,122,1.52,56,321,74,2025-03-01 10:26:19
Q639,Shard_5,UPDATE,174,1.4,71,457,125,2025-03-01 10:44:29
Q640,Shard_1,SELECT,200,1.9,63,569,48,2025-03-01 10:26:32
Q641,Shard_4,UPDATE,469,2.23,76,643,133,2025-03-01 10:49:55
Q642,Shard_3,SELECT,110,1.73,71,311,89,2025-03-01 10:12:22
Q643,Shard_1,UPDATE,355,2.27,63,689,142,2025-03-01 10:32:16
Q644,Shard_5,JOIN,407,2.69,78,929,147,2025-03-01 10:08:01
Q645,Shard_1,SELECT,253,1.54,71,471,76,2025-03-01 10:13:39
Q646,Shard_4,JOIN,476,2.84,82,738,152,2025-03-01 10:58:50
Q647,Shard_3,UPDATE,410,1.72,68,647,63,2025-03-01 10:35:29
Q648,Shard_2,UPDATE,453,2.15,85,721,58,2025-03-01 10:26:27
Q649,Shard_1,SELECT,271,0.94,52,585,86,2025-03-01 10:45:10
Q650,Shard_4,UPDATE,481,1.12,72,480,81,2025-03-01 10:43:32
Q651,Shard_1,JOIN,371,2.99,91,826,156,2025-03-01 10:46:53
Q652,Shard_1,SELECT,151,0.77,80,585,81,2025-03-01 10:18:39
Q653,Shard_2,UPDATE,300,2.35,79,618,73,2025-03-01 10:35:59
Q654,Shard_2,UPDATE,188,2.03,79,780,80,2025-03-01 10:18:13
Q655,Shard_3,UPDATE,226,1.54,72,700,135,2025-03-01 10:54:02
Q656,Shard_1,UPDATE,478,1.65,68,694,114,2025-03-01 10:09:07
Q657,Shard_4,UPDATE,386,1.56,79,641,62,2025-03-01 10:25:54
Q658,Shard_2,SELECT,231,0.59,76,439,91,2025-03-01 10:14:27
Q659,Shard_4,JOIN,590,2.54,75,649,173,2025-03-01 10:21:51
Q660,Shard_2,JOIN,311,2.86,79,783,151,2025-03-01 10:45:16
Q661,Shard_5,SELECT,210,1.47,55,564,74,2025-03-01 10:33:31
Q662,Shard_2,UPDATE,165,1.08,80,676,86,2025-03-01 10:34:28
Q663,Shard_4,SELECT,291,0.59,77,439,59,2025-03-01 10:55:11
Q664,Shard_2,SELECT,208,1.01,68,351,79,2025-03-01 10:52:33
Q665,Shard_5,JOIN,306,2.24,88,922,153,2025-03-01 10:44:34
Q666,Shard_5,UPDATE,271,1.17,71,529,90,2025-03-01 10:43:09
Q667,Shard_2,SELECT,299,1.43,65,400,65,2025-03-01 10:12:49
Q668,Shard_5,UPDATE,336,2.28,61,472,55,2025-03-01 10:22:00
Q669,Shard_4,JOIN,451,2.85,82,879,185,2025-03-01 10:50:59
Q670,Shard_3,JOIN,415,2.06,83,940,188,2025-03-01 10:15:39
Q671,Shard_2,UPDATE,268,1.54,63,488,120,2025-03-01 10:14:09
Q672,Shard_5,UPDATE,342,1.04,84,532,56,2025-03-01 10:47:20
Q673,Shard_5,UPDATE,288,1.67,85,456,88,2025-03-01 10:18:02
Q674,Shard_2,UPDATE,159,1.85,78,564,135,2025-03-01 10:49:01
Q675,Shard_5,JOIN,532,2.41,71,605,116,2025-03-01 10:07:18
Q676,Shard_5,UPDATE,370,1.01,77,601,95,2025-03-01 10:13:52
Q677,Shard_2,JOIN,552,2.39,95,832,182,2025-03-01 10:45:27
Q678,Shard_5,SELECT,113,0.97,63,358,74,2025-03-01 10:52:13
Q679,Shard_4,SELECT,224,1.89,68,394,77,2025-03-01 10:36:46
Q680,Shard_4,UPDATE,292,1.6,81,654,110,2025-03-01 10:05:18
Q681,Shard_1,UPDATE,471,2.1,63,611,71,2025-03-01 10:47:18
Q682,Shard_3,SELECT,242,0.51,65,551,91,2025-03-01 10:06:18
Q683,Shard_3,SELECT,101,0.97,71,401,49,2025-03-01 10:40:23
Q684,Shard_3,UPDATE,396,1.27,75,593,70,2025-03-01 10:43:23
Q685,Shard_2,UPDATE,469,1.11,65,405,73,2025-03-01 10:59:45
Q686,Shard_5,JOIN,586,2.82,87,677,161,2025-03-01 10:54:55
Q687,Shard_2,JOIN,539,2.57,93,944,151,2025-03-01 10:29:46
Q688,Shard_2,UPDATE,153,1.3,66,488,148,2025-03-01 10:31:55
Q689,Shard_1,UPDATE,418,1.93,85,757,80,2025-03-01 10:26:07
Q690,Shard_2,JOIN,530,2.37,94,652,159,2025-03-01 10:13:34
Q691,Shard_3,JOIN,592,2.41,73,843,183,2025-03-01 10:52:48
Q692,Shard_2,UPDATE,235,1.9,71,541,86,2025-03-01 10:50:20
Q693,Shard_2,JOIN,314,2.56,90,918,144,2025-03-01 10:42:52
Q694,Shard_2,UPDATE,423,2.01,63,800,97,2025-03-01 10:06:00
Q695,Shard_2,UPDATE,246,1.26,68,721,87,2025-03-01 10:35:27
Q696,Shard_3,JOIN,498,2.72,82,902,129,2025-03-01 10:41:42
Q697,Shard_4,JOIN,454,2.76,73,920,161,2025-03-01 10:23:25
Q698,Shard_2,SELECT,169,1.92,78,431,90,2025-03-01 10:52:42
Q699,Shard_3,UPDATE,218,1.46,85,419,113,2025-03-01 10:13:13
Q700,Shard_1,UPDATE,470,1.35,74,536,52,2025-03-01 10:52:27
Q701,Shard_1,SELECT,256,1.72,66,522,69,2025-03-01 10:29:30
Q702,Shard_3,JOIN,342,2.93,81,982,159,2025-03-01 10:38:19
Q703,Shard_1,JOIN,597,2.01,70,821,157,2025-03-01 10:20:00
Q704,Shard_2,JOIN,391,2.55,81,623,135,2025-03-01 10:05:37
Q705,Shard_5,SELECT,286,0.54,79,394,68,2025-03-01 10:58:05
Q706,Shard_2,UPDATE,443,1.01,63,579,61,2025-03-01 10:37:44
Q707,Shard_3,UPDATE,390,2.18,68,538,95,2025-03-01 10:56:46
Q708,Shard_5,JOIN,515,2.32,73,848,125,2025-03-01 10:50:24
Q709,Shard_5,UPDATE,284,2.11,63,705,56,2025-03-01 10:34:51
Q710,Shard_1,SELECT,257,1.8,74,545,76,2025-03-01 10:22:38
Q711,Shard_1,JOIN,563,2.27,90,924,104,2025-03-01 10:44:39
Q712,Shard_4,JOIN,430,2.38,92,883,156,2025-03-01 10:05:08
Q713,Shard_3,JOIN,348,2.8,91,757,104,2025-03-01 10:13:06
Q714,Shard_4,JOIN,482,2.01,88,756,116,2025-03-01 10:13:25
Q715,Shard_2,UPDATE,332,2.48,71,768,146,2025-03-01 10:56:34
Q716,Shard_3,JOIN,464,2.93,88,922,137,2025-03-01 10:50:38
Q717,Shard_4,UPDATE,182,1.64,64,579,103,2025-03-01 10:45:30
Q718,Shard_3,SELECT,142,1.93,55,551,40,2025-03-01 10:08:26
Q719,Shard_1,UPDATE,276,1.71,64,548,60,2025-03-01 10:19:25
Q720,Shard_2,SELECT,130,1.72,68,530,92,2025-03-01 10:13:11
Q721,Shard_1,SELECT,153,0.62,70,551,61,2025-03-01 10:25:59
Q722,Shard_5,SELECT,177,1.35,52,588,55,2025-03-01 10:36:32
Q723,Shard_3,UPDATE,239,2.04,62,483,104,2025-03-01 10:45:31
Q724,Shard_3,SELECT,147,1.16,54,473,87,2025-03-01 10:22:37
Q725,Shard_3,SELECT,148,1.18,57,415,62,2025-03-01 10:12:28
Q726,Shard_5,JOIN,545,2.93,92,722,150,2025-03-01 10:53:16
Q727,Shard_4,SELECT,259,1.31,52,348,62,2025-03-01 10:22:37
Q728,Shard_1,UPDATE,232,1.11,60,545,110,2025-03-01 10:10:02
Q729,Shard_2,JOIN,547,2.6,84,876,131,2025-03-01 10:22:10
Q730,Shard_1,JOIN,434,2.21,73,773,103,2025-03-01 10:08:27
Q731,Shard_2,JOIN,456,2.49,76,947,116,2025-03-01 10:16:52
Q732,Shard_2,JOIN,341,2.47,87,895,105,2025-03-01 10:34:00
Q733,Shard_1,UPDATE,290,2.43,66,525,126,2025-03-01 10:18:01
Q734,Shard_5,JOIN,414,2.35,79,991,104,2025-03-01 10:13:47
Q735,Shard_2,JOIN,594,2.09,90,861,185,2025-03-01 10:44:58
Q736,Shard_3,SELECT,222,1.75,59,549,55,2025-03-01 10:31:17
Q737,Shard_5,SELECT,217,1.19,69,497,56,2025-03-01 10:13:57
Q738,Shard_2,JOIN,310,2.85,73,918,151,2025-03-01 10:08:00
Q739,Shard_2,SELECT,111,0.81,57,598,40,2025-03-01 10:08:53
Q740,Shard_2,SELECT,258,1.53,66,327,84,2025-03-01 10:11:34
Q741,Shard_1,SELECT,204,1.13,64,345,73,2025-03-01 10:42:08
Q742,Shard_3,UPDATE,270,1.5,85,539,136,2025-03-01 10:36:05
Q743,Shard_1,UPDATE,380,1.57,62,462,79,2025-03-01 10:06:03
Q744,Shard_3,SELECT,138,1.95,71,332,45,2025-03-01 10:31:48
Q745,Shard_3,SELECT,254,1.61,55,439,62,2025-03-01 10:51:28
Q746,Shard_1,JOIN,589,2.28,75,679,117,2025-03-01 10:18:01
Q747,Shard_5,JOIN,430,2.96,91,809,198,2025-03-01 10:17:41
Q748,Shard_2,JOIN,576,2.22,84,649,180,2025-03-01 10:19:40
Q749,Shard_5,UPDATE,178,1.78,68,704,69,2025-03-01 10:32:34
Q750,Shard_1,JOIN,545,2.87,75,681,172,2025-03-01 10:43:25
Q751,Shard_1,UPDATE,477,1.44,77,498,73,2025-03-01 10:14:37
Q752,Shard_3,UPDATE,390,2.25,62,685,82,2025-03-01 10:16:03
Q753,Shard_3,UPDATE,221,1.72,84,637,100,2025-03-01 10:41:02
Q754,Shard_2,SELECT,297,1.43,56,330,98,2025-03-01 10:48:11
Q755,Shard_5,SELECT,167,0.75,57,360,74,2025-03-01 10:25:01
Q756,Shard_3,JOIN,451,2.47,84,788,151,2025-03-01 10:11:06
Q757,Shard_5,JOIN,387,2.29,81,754,135,2025-03-01 10:41:19
Q758,Shard_5,SELECT,264,0.75,56,496,90,2025-03-01 10:29:56
Q759,Shard_3,UPDATE,455,2.32,61,685,67,2025-03-01 10:20:06
Q760,Shard_2,UPDATE,307,2.08,71,493,150,2025-03-01 10:12:46
Q761,Shard_2,JOIN,458,2.79,73,694,110,2025-03-01 10:25:54
Q762,Shard_3,UPDATE,204,2.48,79,610,104,2025-03-01 10:09:09
Q763,Shard_2,UPDATE,338,2.41,68,536,79,2025-03-01 10:47:09
Q764,Shard_1,SELECT,210,1.28,78,492,79,2025-03-01 10:57:17
Q765,Shard_1,UPDATE,416,2.0,84,456,134,2025-03-01 10:49:21
Q766,Shard_2,SELECT,137,0.8,64,408,48,2025-03-01 10:45:28
Q767,Shard_3,UPDATE,194,1.72,70,694,108,2025-03-01 10:38:05
Q768,Shard_3,UPDATE,406,2.17,81,787,117,2025-03-01 10:44:57
Q769,Shard_1,UPDATE,248,1.13,82,719,147,2025-03-01 10:52:48
Q770,Shard_4,UPDATE,401,1.6,80,545,143,2025-03-01 10:24:09
Q771,Shard_3,SELECT,135,0.6,75,421,86,2025-03-01 10:21:18
Q772,Shard_5,SELECT,289,1.13,63,539,96,2025-03-01 10:54:30
Q773,Shard_4,SELECT,201,0.87,56,369,45,2025-03-01 10:38:01
Q774,Shard_5,UPDATE,151,1.15,62,417,59,2025-03-01 10:49:04
Q775,Shard_1,SELECT,172,1.21,79,580,95,2025-03-01 10:59:34
Q776,Shard_2,SELECT,109,1.6,53,357,100,2025-03-01 10:11:01
Q777,Shard_1,UPDATE,413,1.69,69,665,85,2025-03-01 10:30:25
Q778,Shard_1,UPDATE,343,1.58,76,726,67,2025-03-01 10:11:23
Q779,Shard_3,JOIN,515,2.01,70,883,144,2025-03-01 10:08:35
Q780,Shard_2,SELECT,295,0.94,62,465,82,2025-03-01 10:24:54
Q781,Shard_4,SELECT,207,1.28,52,402,98,2025-03-01 10:21:59
Q782,Shard_5,JOIN,504,2.25,74,881,200,2025-03-01 10:13:10
Q783,Shard_3,SELECT,146,1.57,77,347,96,2025-03-01 10:16:33
Q784,Shard_5,SELECT,200,0.62,61,535,57,2025-03-01 10:25:00
Q785,Shard_4,UPDATE,489,1.27,78,544,53,2025-03-01 10:36:45
Q786,Shard_2,JOIN,596,2.82,76,701,183,2025-03-01 10:05:33
Q787,Shard_1,JOIN,550,2.53,86,893,177,2025-03-01 10:21:27
Q788,Shard_1,UPDATE,430,2.38,84,737,63,2025-03-01 10:20:39
Q789,Shard_2,UPDATE,477,1.15,81,731,55,2025-03-01 10:09:13
Q790,Shard_4,UPDATE,359,1.66,61,791,61,2025-03-01 10:57:55
Q791,Shard_4,SELECT,127,1.62,57,332,77,2025-03-01 10:14:07
Q792,Shard_3,UPDATE,489,2.03,69,556,109,2025-03-01 10:33:58
Q793,Shard_2,JOIN,384,2.93,70,888,104,2025-03-01 10:18:19
Q794,Shard_3,SELECT,220,0.94,72,436,48,2025-03-01 10:24:20
Q795,Shard_2,UPDATE,316,1.75,80,642,82,2025-03-01 10:42:00
Q796,Shard_1,SELECT,208,1.7,58,338,73,2025-03-01 10:41:21
Q797,Shard_1,JOIN,334,2.16,76,838,122,2025-03-01 10:09:35
Q798,Shard_5,SELECT,219,1.0,78,564,50,2025-03-01 10:06:32
Q799,Shard_5,JOIN,323,2.76,86,965,117,2025-03-01 10:49:38
Q800,Shard_5,SELECT,224,0.55,77,382,42,2025-03-01 10:39:01
Q801,Shard_4,SELECT,222,1.04,66,435,85,2025-03-01 10:53:24
Q802,Shard_1,SELECT,176,0.8,55,493,65,2025-03-01 10:29:48
Q803,Shard_3,JOIN,477,2.97,80,659,190,2025-03-01 10:56:44
Q804,Shard_3,UPDATE,488,1.77,85,439,111,2025-03-01 10:33:16
Q805,Shard_5,SELECT,110,1.12,65,526,77,2025-03-01 10:23:39
Q806,Shard_4,UPDATE,265,2.5,80,771,108,2025-03-01 10:58:46
Q807,Shard_5,SELECT,263,1.31,50,380,67,2025-03-01 10:17:32
Q808,Shard_4,JOIN,528,2.86,89,822,192,2025-03-01 10:39:53
Q809,Shard_5,JOIN,472,2.69,95,641,190,2025-03-01 10:16:09
Q810,Shard_1,JOIN,324,2.41,88,753,128,2025-03-01 10:23:38
Q811,Shard_1,UPDATE,451,1.15,84,689,83,2025-03-01 10:44:46
Q812,Shard_2,JOIN,310,2.03,76,756,142,2025-03-01 10:22:02
Q813,Shard_5,SELECT,133,0.84,80,412,48,2025-03-01 10:27:36
Q814,Shard_2,SELECT,153,1.24,74,448,90,2025-03-01 10:58:11
Q815,Shard_2,SELECT,201,1.48,53,483,63,2025-03-01 10:34:06
Q816,Shard_5,SELECT,290,1.18,72,308,47,2025-03-01 10:16:35
Q817,Shard_3,UPDATE,444,2.34,63,734,136,2025-03-01 10:27:29
Q818,Shard_1,JOIN,393,2.71,86,763,150,2025-03-01 10:45:34
Q819,Shard_1,SELECT,226,1.02,75,587,48,2025-03-01 10:36:41
Q820,Shard_5,JOIN,530,2.28,87,603,149,2025-03-01 10:57:56
Q821,Shard_1,UPDATE,173,1.92,70,550,87,2025-03-01 10:58:32
Q822,Shard_1,JOIN,476,2.61,88,726,148,2025-03-01 10:12:06
Q823,Shard_2,UPDATE,251,2.29,72,411,112,2025-03-01 10:57:30
Q824,Shard_3,UPDATE,420,2.12,63,476,65,2025-03-01 10:23:37
Q825,Shard_4,JOIN,377,2.39,75,975,102,2025-03-01 10:28:36
Q826,Shard_3,SELECT,206,0.74,63,544,84,2025-03-01 10:16:56
Q827,Shard_4,JOIN,353,2.53,72,995,194,2025-03-01 10:33:19
Q828,Shard_2,JOIN,555,2.59,71,679,176,2025-03-01 10:07:40
Q829,Shard_3,SELECT,121,1.4,78,564,98,2025-03-01 10:38:03
Q830,Shard_1,SELECT,226,1.17,65,578,92,2025-03-01 10:59:10
Q831,Shard_3,SELECT,200,1.84,70,423,96,2025-03-01 10:51:17
Q832,Shard_4,JOIN,415,2.65,90,715,186,2025-03-01 10:44:05
Q833,Shard_2,UPDATE,366,1.92,73,665,53,2025-03-01 10:14:13
Q834,Shard_5,SELECT,285,0.59,59,307,75,2025-03-01 10:18:02
Q835,Shard_1,JOIN,523,2.71,85,700,168,2025-03-01 10:46:05
Q836,Shard_3,UPDATE,290,1.01,66,691,81,2025-03-01 10:05:20
Q837,Shard_1,JOIN,521,2.06,85,744,135,2025-03-01 10:25:19
Q838,Shard_3,UPDATE,280,1.63,79,787,126,2025-03-01 10:09:56
Q839,Shard_4,UPDATE,354,1.79,81,691,61,2025-03-01 10:19:08
Q840,Shard_4,SELECT,131,1.1,58,519,40,2025-03-01 10:55:12
Q841,Shard_3,SELECT,216,1.47,61,563,78,2025-03-01 10:34:38
Q842,Shard_2,SELECT,122,1.05,71,543,77,2025-03-01 10:13:24
Q843,Shard_4,JOIN,569,2.98,83,691,153,2025-03-01 10:50:25
Q844,Shard_5,SELECT,139,1.36,53,361,76,2025-03-01 10:22:22
Q845,Shard_1,JOIN,386,2.39,71,823,149,2025-03-01 10:16:38
Q846,Shard_2,JOIN,398,2.23,79,760,157,2025-03-01 10:30:32
Q847,Shard_5,UPDATE,195,1.77,74,563,136,2025-03-01 10:29:02
Q848,Shard_4,UPDATE,401,2.48,70,668,121,2025-03-01 10:18:40
Q849,Shard_4,SELECT,208,1.07,76,535,78,2025-03-01 10:23:02
Q850,Shard_4,SELECT,231,0.6,72,359,92,2025-03-01 10:48:03
Q851,Shard_3,UPDATE,248,2.21,66,694,113,2025-03-01 10:13:01
Q852,Shard_1,UPDATE,193,1.32,78,641,135,2025-03-01 10:21:47
Q853,Shard_5,SELECT,125,1.33,61,500,96,2025-03-01 10:20:42
Q854,Shard_1,SELECT,289,1.07,57,600,49,2025-03-01 10:25:14
Q855,Shard_3,UPDATE,242,1.54,65,404,149,2025-03-01 10:16:50
Q856,Shard_5,UPDATE,482,2.18,77,620,87,2025-03-01 10:18:40
Q857,Shard_3,SELECT,269,1.11,68,436,63,2025-03-01 10:14:00
Q858,Shard_3,UPDATE,228,1.58,76,575,134,2025-03-01 10:28:11
Q859,Shard_4,SELECT,131,1.86,52,433,45,2025-03-01 10:25:37
Q860,Shard_1,SELECT,259,0.76,52,531,84,2025-03-01 10:44:01
Q861,Shard_5,SELECT,277,0.6,74,333,75,2025-03-01 10:05:08
Q862,Shard_4,UPDATE,208,2.22,76,758,140,2025-03-01 10:35:51
Q863,Shard_3,UPDATE,395,1.72,62,484,103,2025-03-01 10:32:57
Q864,Shard_5,JOIN,375,2.86,82,884,130,2025-03-01 10:45:11
Q865,Shard_5,UPDATE,294,1.86,71,509,77,2025-03-01 10:06:59
Q866,Shard_5,SELECT,247,1.07,64,594,83,2025-03-01 10:48:09
Q867,Shard_3,SELECT,253,0.53,56,445,44,2025-03-01 10:29:43
Q868,Shard_4,UPDATE,420,2.16,63,430,55,2025-03-01 10:06:00
Q869,Shard_4,JOIN,486,2.55,90,937,109,2025-03-01 10:45:17
Q870,Shard_2,SELECT,300,1.75,56,485,80,2025-03-01 10:13:04
Q871,Shard_5,SELECT,292,1.99,53,321,60,2025-03-01 10:09:34
Q872,Shard_4,SELECT,230,1.2,58,537,63,2025-03-01 10:06:59
Q873,Shard_5,UPDATE,326,1.36,69,560,121,2025-03-01 10:54:10
Q874,Shard_2,SELECT,250,1.64,58,445,56,2025-03-01 10:56:02
Q875,Shard_2,UPDATE,169,1.1,63,772,126,2025-03-01 10:55:50
Q876,Shard_5,SELECT,219,1.91,51,400,81,2025-03-01 10:31:40
Q877,Shard_4,JOIN,399,2.74,72,628,162,2025-03-01 10:45:54
Q878,Shard_5,JOIN,362,2.17,76,978,105,2025-03-01 10:47:26
Q879,Shard_2,SELECT,164,1.55,73,494,57,2025-03-01 10:18:00
Q880,Shard_1,SELECT,108,1.19,54,402,89,2025-03-01 10:45:19
Q881,Shard_5,JOIN,437,2.64,79,913,128,2025-03-01 10:51:43
Q882,Shard_1,UPDATE,405,2.17,84,537,50,2025-03-01 10:24:22
Q883,Shard_2,UPDATE,304,1.11,81,537,142,2025-03-01 10:47:23
Q884,Shard_3,JOIN,405,2.18,82,673,103,2025-03-01 10:51:11
Q885,Shard_3,SELECT,154,1.62,51,567,76,2025-03-01 10:41:34
Q886,Shard_5,JOIN,324,2.62,78,617,176,2025-03-01 10:12:12
Q887,Shard_1,UPDATE,218,2.0,66,653,137,2025-03-01 10:29:06
Q888,Shard_1,SELECT,167,0.91,71,495,40,2025-03-01 10:13:50
Q889,Shard_3,SELECT,164,1.21,70,539,78,2025-03-01 10:26:41
Q890,Shard_1,UPDATE,218,2.29,63,557,109,2025-03-01 10:15:22
Q891,Shard_3,SELECT,133,1.01,76,490,95,2025-03-01 10:50:01
Q892,Shard_4,JOIN,323,2.97,89,691,174,2025-03-01 10:48:59
Q893,Shard_1,UPDATE,321,2.28,69,702,76,2025-03-01 10:41:22
Q894,Shard_4,UPDATE,301,1.35,84,575,87,2025-03-01 10:29:52
Q895,Shard_4,JOIN,377,2.04,79,813,178,2025-03-01 10:11:53
Q896,Shard_2,SELECT,218,1.87,55,596,41,2025-03-01 10:58:38
Q897,Shard_2,UPDATE,421,1.33,67,782,137,2025-03-01 10:35:51
Q898,Shard_1,JOIN,301,2.64,91,685,177,2025-03-01 10:30:58
Q899,Shard_5,UPDATE,189,1.19,73,572,86,2025-03-01 10:38:47
Q900,Shard_4,JOIN,381,2.65,88,676,165,2025-03-01 10:54:13
Q901,Shard_1,SELECT,290,1.91,68,512,62,2025-03-01 10:45:40
Q902,Shard_2,UPDATE,213,1.96,67,795,126,2025-03-01 10:05:24
Q903,Shard_2,SELECT,295,1.4,55,334,79,2025-03-01 10:38:54
Q904,Shard_1,UPDATE,354,1.94,69,636,115,2025-03-01 10:25:18
Q905,Shard_5,UPDATE,281,2.11,81,770,136,2025-03-01 10:31:12
Q906,Shard_1,JOIN,358,2.15,78,663,121,2025-03-01 10:32:02
Q907,Shard_2,UPDATE,397,1.36,77,521,92,2025-03-01 10:52:04
Q908,Shard_4,JOIN,390,2.83,74,886,114,2025-03-01 10:51:59
Q909,Shard_4,JOIN,477,2.1,88,809,117,2025-03-01 10:07:33
Q910,Shard_3,SELECT,141,0.77,74,448,83,2025-03-01 10:37:14
Q911,Shard_5,SELECT,284,1.41,51,515,55,2025-03-01 10:58:28
Q912,Shard_1,JOIN,484,2.6,95,923,139,2025-03-01 10:06:05
Q913,Shard_5,SELECT,256,1.52,74,565,58,2025-03-01 10:09:13
Q914,Shard_5,JOIN,307,2.69,88,923,170,2025-03-01 10:40:28
Q915,Shard_5,JOIN,576,2.91,95,658,106,2025-03-01 10:52:00
Q916,Shard_3,JOIN,387,2.39,83,645,136,2025-03-01 10:29:28
Q917,Shard_3,JOIN,312,2.09,83,738,130,2025-03-01 10:14:47
Q918,Shard_5,UPDATE,286,1.31,80,492,139,2025-03-01 10:47:54
Q919,Shard_5,UPDATE,177,1.97,64,439,95,2025-03-01 10:42:05
Q920,Shard_3,UPDATE,243,2.37,74,794,109,2025-03-01 10:42:36
Q921,Shard_1,JOIN,404,2.67,83,693,103,2025-03-01 10:15:29
Q922,Shard_4,SELECT,167,0.98,56,338,43,2025-03-01 10:43:16
Q923,Shard_5,SELECT,255,1.73,56,434,52,2025-03-01 10:20:39
Q924,Shard_2,JOIN,507,2.6,80,907,116,2025-03-01 10:30:48
Q925,Shard_2,SELECT,249,1.03,59,461,96,2025-03-01 10:14:25
Q926,Shard_4,SELECT,187,0.72,51,370,100,2025-03-01 10:21:57
Q927,Shard_3,JOIN,385,2.24,87,821,192,2025-03-01 10:59:04
Q928,Shard_4,SELECT,186,1.5,56,393,73,2025-03-01 10:32:56
Q929,Shard_1,UPDATE,424,1.86,64,449,57,2025-03-01 10:17:54
Q930,Shard_4,JOIN,427,2.3,79,893,165,2025-03-01 10:17:29
Q931,Shard_3,SELECT,279,0.82,52,468,74,2025-03-01 10:46:45
Q932,Shard_3,UPDATE,245,1.41,63,544,149,2025-03-01 10:23:14
Q933,Shard_3,JOIN,425,2.05,90,830,140,2025-03-01 10:42:54
Q934,Shard_3,SELECT,267,1.3,61,321,40,2025-03-01 10:49:18
Q935,Shard_3,UPDATE,244,1.08,70,617,110,2025-03-01 10:30:49
Q936,Shard_1,JOIN,497,2.47,81,809,127,2025-03-01 10:21:38
Q937,Shard_3,JOIN,328,2.21,95,938,190,2025-03-01 10:41:12
Q938,Shard_1,UPDATE,403,1.32,79,652,78,2025-03-01 10:30:09
Q939,Shard_4,UPDATE,183,2.07,85,735,132,2025-03-01 10:11:20
Q940,Shard_1,SELECT,286,0.94,62,531,64,2025-03-01 10:33:09
Q941,Shard_3,SELECT,235,1.58,62,521,47,2025-03-01 10:13:43
Q942,Shard_4,UPDATE,180,2.2,68,441,70,2025-03-01 10:11:51
Q943,Shard_4,UPDATE,441,1.17,74,683,141,2025-03-01 10:33:46
Q944,Shard_5,JOIN,511,2.98,94,932,143,2025-03-01 10:28:38
Q945,Shard_4,UPDATE,438,1.22,64,600,80,2025-03-01 10:52:17
Q946,Shard_5,SELECT,209,1.06,56,303,85,2025-03-01 10:20:25
Q947,Shard_2,SELECT,182,0.86,80,514,50,2025-03-01 10:17:18
Q948,Shard_3,SELECT,289,1.7,65,588,72,2025-03-01 10:45:07
Q949,Shard_3,SELECT,284,1.18,67,440,48,2025-03-01 10:18:16
Q950,Shard_3,SELECT,170,0.91,66,326,61,2025-03-01 10:50:17
Q951,Shard_3,UPDATE,495,2.01,61,736,77,2025-03-01 10:24:04
Q952,Shard_5,JOIN,419,2.7,77,631,192,2025-03-01 10:17:46
Q953,Shard_3,JOIN,578,2.92,93,619,194,2025-03-01 10:25:20
Q954,Shard_4,UPDATE,494,1.04,66,455,52,2025-03-01 10:34:42
Q955,Shard_3,SELECT,283,0.71,53,354,52,2025-03-01 10:13:40
Q956,Shard_5,SELECT,262,1.21,69,452,65,2025-03-01 10:44:27
Q957,Shard_2,SELECT,215,1.4,75,458,58,2025-03-01 10:31:52
Q958,Shard_2,SELECT,193,1.68,50,414,98,2025-03-01 10:27:11
Q959,Shard_2,UPDATE,151,1.12,74,686,125,2025-03-01 10:10:19
Q960,Shard_5,SELECT,171,0.59,76,423,42,2025-03-01 10:28:30
Q961,Shard_1,UPDATE,175,2.19,67,764,120,2025-03-01 10:55:24
Q962,Shard_3,UPDATE,245,1.94,82,497,85,2025-03-01 10:13:30
Q963,Shard_2,JOIN,504,2.97,90,777,147,2025-03-01 10:36:26
Q964,Shard_1,UPDATE,203,1.23,64,576,115,2025-03-01 10:28:43
Q965,Shard_2,SELECT,212,1.68,73,310,53,2025-03-01 10:19:35
Q966,Shard_5,SELECT,275,1.28,57,589,45,2025-03-01 10:35:34
Q967,Shard_3,JOIN,489,2.27,91,812,178,2025-03-01 10:38:24
Q968,Shard_5,JOIN,579,2.11,95,647,117,2025-03-01 10:30:31
Q969,Shard_3,JOIN,547,2.25,74,881,114,2025-03-01 10:30:56
Q970,Shard_3,UPDATE,363,1.44,65,425,56,2025-03-01 10:19:15
Q971,Shard_3,JOIN,457,2.48,94,821,195,2025-03-01 10:24:55
Q972,Shard_1,SELECT,192,1.95,70,570,44,2025-03-01 10:38:53
Q973,Shard_1,UPDATE,482,2.02,76,536,116,2025-03-01 10:23:05
Q974,Shard_3,SELECT,118,1.08,74,509,70,2025-03-01 10:21:54
Q975,Shard_3,JOIN,568,2.67,94,612,178,2025-03-01 10:18:14
Q976,Shard_5,SELECT,241,0.71,63,301,96,2025-03-01 10:40:38
Q977,Shard_1,SELECT,207,1.62,56,474,76,2025-03-01 10:21:13
Q978,Shard_5,JOIN,369,2.04,80,750,114,2025-03-01 10:44:54
Q979,Shard_5,UPDATE,281,1.65,72,655,57,2025-03-01 10:28:12
Q980,Shard_3,SELECT,224,0.95,67,331,43,2025-03-01 10:45:11
Q981,Shard_2,SELECT,199,1.19,71,379,89,2025-03-01 10:16:47
Q982,Shard_2,UPDATE,292,1.1,75,721,88,2025-03-01 10:06:58
Q983,Shard_1,UPDATE,218,1.2,80,645,100,2025-03-01 10:40:47
Q984,Shard_4,SELECT,187,1.84,67,369,74,2025-03-01 10:40:07
Q985,Shard_2,JOIN,373,2.46,73,803,173,2025-03-01 10:54:23
Q986,Shard_3,UPDATE,367,1.73,64,550,111,2025-03-01 10:43:31
Q987,Shard_4,SELECT,142,0.87,64,500,89,2025-03-01 10:14:29
Q988,Shard_1,UPDATE,202,1.91,80,778,116,2025-03-01 10:44:43
Q989,Shard_1,UPDATE,459,2.11,66,754,87,2025-03-01 10:13:05
Q990,Shard_1,SELECT,176,0.59,77,526,79,2025-03-01 10:38:02
Q991,Shard_1,UPDATE,153,2.4,79,615,75,2025-03-01 10:33:19
Q992,Shard_4,JOIN,478,2.25,83,690,147,2025-03-01 10:38:06
Q993,Shard_4,UPDATE,153,2.02,78,598,96,2025-03-01 10:11:59
Q994,Shard_5,SELECT,120,0.96,58,511,64,2025-03-01 10:27:38
Q995,Shard_4,UPDATE,285,1.39,83,716,129,2025-03-01 10:06:24
Q996,Shard_2,JOIN,406,2.35,80,824,121,2025-03-01 10:27:59
Q997,Shard_1,SELECT,229,1.9,76,438,86,2025-03-01 10:18:18
Q998,Shard_3,SELECT,162,1.01,61,479,45,2025-03-01 10:57:38
Q999,Shard_4,JOIN,389,2.66,79,685,138,2025-03-01 10:10:04
Q1000,Shard_5,UPDATE,278,1.72,69,423,95,2025-03-01 10:26:29
